{
  "ROUGE-1": 0.33702712477098173,
  "BERTScore_F1": 0.8180418610572815,
  "Redundancy": 0.02340549450549451
}